Sarah Johnson,+1-555-2345-6789,sarah.johnson@example.com,456 Oak Ave. Anytown NY
Michael Chen,+1-555-3456-7890,michael.chen@example.com,789 Pine Rd. Brookville TX
Emily Rodriguez,+1-555-4567-8901,emily.rodriguez@example.com,321 Maple Dr. Riverside FL
David Wilson,+1-555-5678-9012,david.wilson@example.com,654 Cedar Ln. Hilltop WA
Lisa Thompson,+1-555-6789-0123,lisa.thompson@example.com,987 Birch St. Valleyview CO
Robert Martinez,+1-555-7890-1234,robert.martinez@example.com,147 Spruce Way. Mountainview OR
Jennifer Lee,+1-555-8901-2345,jennifer.lee@example.com,258 Willow Pl. Lakefront MI
Christopher Brown,+1-555-9012-3456,christopher.brown@example.com,369 Ash Ct. Seaside NC
Amanda Davis,+1-555-0123-4567,amanda.davis@example.com,471 Poplar Rd. Hillside GA
Matthew Anderson,+1-555-1234-5678,matthew.anderson@example.com,582 Fir St. Valleybrook AZ
Sarah Johnson,+1-555-2345-6789,sarah.johnson@example.com,456 Oak Ave. Anytown NY
Michael Chen,+1-555-3456-7890,michael.chen@example.com,789 Pine Rd. Brookville TX
Emily Rodriguez,+1-555-4567-8901,emily.rodriguez@example.com,321 Maple Dr. Riverside FL
David Wilson,+1-555-5678-9012,david.wilson@example.com,654 Cedar Ln. Hilltop WA
Lisa Thompson,+1-555-6789-0123,lisa.thompson@example.com,987 Birch St. Valleyview CO
Robert Martinez,+1-555-7890-1234,robert.martinez@example.com,147 Spruce Way. Mountainview OR
Jennifer Lee,+1-555-8901-2345,jennifer.lee@example.com,258 Willow Pl. Lakefront MI
Christopher Brown,+1-555-9012-3456,christopher.brown@example.com,369 Ash Ct. Seaside NC
Amanda Davis,+1-555-0123-4567,amanda.davis@example.com,471 Poplar Rd. Hillside GA
Matthew Anderson,+1-555-1234-5678,matthew.anderson@example.com,582 Fir St. Valleybrook AZ
Sarah Johnson,+1-555-2345-6789,sarah.johnson@example.com,456 Oak Ave. Anytown NY
Michael Chen,+1-555-3456-7890,michael.chen@example.com,789 Pine Rd. Brookville TX
Emily Rodriguez,+1-555-4567-8901,emily.rodriguez@example.com,321 Maple Dr. Riverside FL
David Wilson,+1-555-5678-9012,david.wilson@example.com,654 Cedar Ln. Hilltop WA
Lisa Thompson,+1-555-6789-0123,lisa.thompson@example.com,987 Birch St. Valleyview CO
Robert Martinez,+1-555-7890-1234,robert.martinez@example.com,147 Spruce Way. Mountainview OR
Jennifer Lee,+1-555-8901-2345,jennifer.lee@example.com,258 Willow Pl. Lakefront MI
Christopher Brown,+1-555-9012-3456,christopher.brown@example.com,369 Ash Ct. Seaside NC
Amanda Davis,+1-555-0123-4567,amanda.davis@example.com,471 Poplar Rd. Hillside GA
Matthew Anderson,+1-555-1234-5678,matthew.anderson@example.com,582 Fir St. Valleybrook AZ
